evidence_id,family,result_file,result_sha256,candidates,sites,actions,per_example,document_splits,same_action_semantics,physical_suffix,dedicated_task,circuit_scope,heldout_circuits,sequential_actions,known_positive,known_negative,corpus,bundle_path,bundle_hash_valid,instrument_valid,note
eq_heads_subset,equality_attention_terms,equality_term_subset_factorial_stage1_results.json,8d5cdeb8c0beca3b80e343f0e63f74129ca472f708b2f9ef595a24049f919e68,4,"L5H5,L7H3,L8H3,L8H4",remove;restore;compose,False,2,True,True,True,equality_task_masks,False,False,False,False,natural,,,True,All 16 remove/extract subsets; JSON summaries only.
eq_heads_transplant_natural,equality_attention_terms,equality_term_score_payload_rung459_results.json,f157681ced170cbf8664db5710414a38d4f928f8d15dc0dd2b4d8cea9288aefa,4,L5H5->L8H4,substitute,False,2,True,True,True,equality_task_masks,False,False,True,True,natural,,,True,Known-positive score transplant and output/payload separation; aggregate receipt.
eq_heads_transplant_code,equality_attention_terms,equality_score_code_ood_rung460_results.json,3910e5a9acb462f2527c8d5f8b7d8039ede410f5a90e1853c7ac279b174cf4a1,4,L5H5->L8H4,substitute,False,2,True,True,True,equality_task_masks,False,False,True,True,code,,,True,Frozen cross-corpus score transplant; aggregate receipt.
eq_correction_interchange,equality_correction_sites,equality_score_correction_interchange_rung464_results.json,b5b48c4ac7b7fa035f0e2dd1cba82b64059dbe732e229acd006b43c3d0003b6b,5,"MLP8,MLP9,MLP12,A14,MLP17",substitute,False,2,False,True,True,equality_task_masks,False,False,False,False,code,,,True,Correction interchange is source-conditioned and not common across every site.
eq_correction_factorial,equality_correction_sites,equality_correction_group_factorial_rung466_results.json,d04acf3637834830f8ee7bd73eaa8a6c435386816ef54fce1d8451b0597132fe,5,"MLP8,MLP9,MLP12,A14,MLP17",remove;restore;compose,False,2,True,True,True,equality_task_masks,False,False,False,False,code,,,True,"All 32 subsets, but only sufficient statistics were retained."
eq_query_remove,equality_correction_sites,equality_query_position_intervention_rung472_results.json,21797e38820cc10387f534c21520feebd64470ca0ebc34147d3755c889699140,3,"MLP8,MLP9,MLP12",remove;compose,True,3,True,True,True,equality_task_masks,False,False,False,False,natural+code,/workspace/tensor_language/basis_aligned/bilinear_quotient/equality_query_position_intervention_rung472_per_token.pt,True,True,"Per-document query/nonquery/full effects, not the 62-circuit battery."
eq_query_factorial,equality_correction_sites,equality_query_subtractive_factorial_rung474_results.json,17235cf0131d356332738dd6551df4ee60219836fbedbfd01ca27e9750998fb7,3,"MLP8,MLP9,MLP12",remove;compose,True,3,True,True,True,equality_task_masks,False,False,False,False,natural+code,/workspace/tensor_language/basis_aligned/bilinear_quotient/equality_query_subtractive_factorial_rung474_per_token.pt,True,True,Seven per-document subset effects under the subtractive intervention.
mlp0_branch_circuits,mlp0_branches_block1,mlp0_branch_circuit_response_rung481_results.json,2af2e9d934d85223cb01cb731ad2bcbe54b8b90cbf21f6ba6753cc1347e84573,4,"MLP0:T,C,I,S",remove,False,2,True,True,False,32_discovery_circuits,False,False,False,False,natural,,,True,Finite branch-by-circuit summaries; conditional held-out circuits stayed closed.
mlp0_block1_carriers,mlp0_branches_block1,mlp0_coupled_block1_bigram_response_rung486_results.json,f36ed7bed41d5908fd5f1da977a6ec72c21414e91829dfdda6fe39cfaf3ec941,3,"MLP0-direct,attention1,MLP1",remove;compose,False,2,True,True,False,branch_effects,False,False,False,False,natural,,,True,"Exact D/A/M factorial for T/C/I, retained as aggregate response profiles."
mlp0_midpoint_interchange,mlp0_branches_block1,mlp1_finite_secant_factor_interchange_rung488_results.json,ed0ce441fc6629275edf7ded6eb8b26b70d1b80fa0157fa46872c8292b038ebb,3,MLP1 finite secant,substitute,False,4,True,True,False,branch_effects,False,False,False,False,natural,,,True,"Held-out factor interchange, later bounded by the common-native-state control."
mlp0_named_sources,mlp0_branches_block1,mlp1_live_state_source_decomposition_rung491_results.json,f2df82c0c2d98489999d8860056fb66c3bfab1a5b3bf3f99befbc26d70ee9cc7,4,named sources entering MLP1,remove;restore;compose,False,4,True,True,False,branch_effects,False,False,False,False,natural,,,True,Singleton and leave-one-source-out effects; no per-document bundle.
mlp0_site_equalization,mlp0_branches_block1,mlp0_TI_site_graded_merge_intervention_rung493_results.json,1131a0dc61f94ca2dba92073eed1a21c2f46a46ac18004be146e15a78161339d,4,"attention1-direct,attention1-recomputed,MLP1",equalize,False,2,True,True,False,branch_effects,False,False,False,False,natural,,,True,All six branch pairs; equalization is not bidirectional substitution.
mlp1_write_portability,mlp1_write_adjustments,mlp1_write_interface_portability_probe_results.json,1c50849582f09858e258fa0f5d276439d8b83442888fb7a8c681b3967318954f,2,"MLP1:T,I",restore;substitute,True,2,True,True,False,branch_effects,False,False,True,True,natural,/workspace/tensor_language/basis_aligned/bilinear_quotient/mlp1_write_interface_portability_probe_per_token.pt,True,True,Own restoration is positive; cross-document donor substitution is a known negative.
attention1_three_factor,attention1_factor_writes,attention1_downstream_use_quotient_rung495b_results.json,f06b6098380883a51260fa6646a6fa8d8e1ee7e1f9d784b428e95d8e94161eee,63,attention1 raw write,local_derivative,False,2,True,False,False,32_discovery_circuits,False,False,False,False,natural,/workspace/tensor_language/basis_aligned/bilinear_quotient/attention1_downstream_use_quotient_rung495b_bundle.pt,True,True,Exact pieces but only gradient contractions; no finite piece action.
attention1_five_factor,attention1_factor_writes,attention1_query_key_downstream_shapley_rung496_results.json,4e43f303c3f7bc7e2e70f6abc967c9fdc9b4b5d0e8bb4154ffec5b9b86dc177d,45,attention1 raw write,local_derivative,False,2,True,False,False,32_discovery_circuits,False,False,False,False,natural,/workspace/tensor_language/basis_aligned/bilinear_quotient/attention1_query_key_downstream_shapley_rung496_bundle.pt,True,True,Shapley/first/last downstream contractions; held-out circuits stayed closed.
